code_producteur;rva_adr;code_insee;nom_commune;type_producteur;activite;longitude;latitude;date_photo
9926808;80573;35238;Rennes;Non ménager;Enseignement;-1.7029322;48.1230503;20220101
99149145;73563;35238;Rennes;Ménage;Pavillon;-1.6328418;48.1274764;20220101
9984960;;35238;Rennes;Ménage;Pt de regroupement;-1.63298593957;48.1276565015;20220101
99149146;73576;35238;Rennes;Ménage;Pavillon;-1.6332704;48.1278399;20220101
99149147;73562;35238;Rennes;Ménage;Pavillon;-1.6329928;48.1274816;20220101
99149148;73564;35238;Rennes;Ménage;Pavillon;-1.6334811;48.1280567;20220101
99149149;73561;35238;Rennes;Ménage;Pavillon;-1.6331257;48.1276266;20220101
9926809;80573;35238;Rennes;Non ménager;Enseignement;-1.7029322;48.1230503;20220101