id_producteur;code_producteur;id_rva;commune;code_insee;type_producteur;activite;latitude;longitude;date_debut;date_fin;date_crea;date_modif;year;month;day
-7997000922074019677;9984960;RVA_TEST100;Rennes;35238;Ménage;Pt de regroupement;48.1276565015;-1.63298593957;2022-01-01 00:00:00;;2022-03-07 13:00:00;;2022;03;07
-506375485760292822;9926809;80573;Rennes;35238;Non ménager;Enseignement;48.1230503;-1.7029322;2022-01-01 00:00:00;;2022-03-07 13:00:00;;2022;03;07
4296534166347068484;;;Indetermine;;;Indeterminee;;;2020-01-01 00:00:00;;2020-01-01 12:00:00;;;;
-3656988009922144808;99149146;73576;Rennes;35238;Ménage;Pavillon;48.1278399;-1.6332704;2022-01-01 00:00:00;;2022-03-07 13:00:00;;2022;03;07
5633066683751489522;99149147;73562;Rennes;35238;Ménage;Pavillon;48.1274816;-1.6329928;2022-01-01 00:00:00;;2022-03-07 13:00:00;;2022;03;07
2984249159175319133;99149148;73564;Rennes;35238;Ménage;Pavillon;48.1280567;-1.6334811;2022-01-01 00:00:00;;2022-03-07 13:00:00;;2022;03;07
3995455299324696030;99149149;73561;Rennes;35238;Ménage;Pavillon;48.1276266;-1.6331257;2022-01-01 00:00:00;;2022-03-07 13:00:00;;2022;03;07
-2581234289959955226;99149145;73563;Rennes;35238;Ménage;Pavillon;48.1274764;-1.6328418;2022-01-01 00:00:00;;2022-03-07 13:00:00;;2022;03;07
3630389245140502605;9926808;80573;Rennes;35238;Non ménager;Enseignement;48.1230503;-1.7029322;2022-01-01 00:00:00;;2022-03-07 13:00:00;;2022;03;07